{
  "project_info": {
    "project_number": "279033868565",
    "project_id": "sapientbirderappjune",
    "storage_bucket": "sapientbirderappjune.appspot.com"
  },
  "client": [
    {
      "client_info": {
        "mobilesdk_app_id": "1:279033868565:android:0737210b37d42e493f791c",
        "android_client_info": {
          "package_name": "com.sapientjune.birderapp"
        }
      },
      "oauth_client": [
        {
          "client_id": "279033868565-jikin36c73bt62c0t4gqn7s8a6lkvnk6.apps.googleusercontent.com",
          "client_type": 3
        }
      ],
      "api_key": [
        {
          "current_key": "AIzaSyATnZzPaPtN6bHJ8blcsE8SQDjclhjzfQ8"
        }
      ],
      "services": {
        "appinvite_service": {
          "other_platform_oauth_client": [
            {
              "client_id": "279033868565-jikin36c73bt62c0t4gqn7s8a6lkvnk6.apps.googleusercontent.com",
              "client_type": 3
            }
          ]
        }
      }
    }
  ],
  "configuration_version": "1"
}